Sequence,AA124,AA126,AA128,AA155,AA214,AA241,AA269,AA271,AA279,AA291,AA304,DQD,AA336,AA338,AA381,AA385,AA406,AA407,AA422,AA423,AA550,AA578,AA582,SDH_substrate,AA483,AA484,AA485,AA488,AA522,AA523,SDH_cofactor
AtSDH,E,R,D,R,H,K,L,M,R,F,Q,ERDRHKLMRFQ,S,S,T,K,N,T,T,D,Y,Q,Q,SSTKNTTDYQQ,N,R,T,R,S,M,NRTRSM
BrapaQDH,E,R,D,R,H,K,L,M,H,F,Q,ERDRHKLMHFQ,S,S,G,K,N,T,T,D,Y,Q,Q,SSGKNTTDYQQ,N,R,T,R,S,V,NRTRSV
BnapusQDH,E,R,D,R,H,K,L,M,H,F,Q,ERDRHKLMHFQ,S,S,G,K,N,T,T,D,Y,Q,Q,SSGKNTTDYQQ,N,R,T,R,S,V,NRTRSV
CserDQD/SDH1.1,E,R,D,R,H,K,T,V,Q,C,L,ERDRHKTVQCL,S,G,G,K,N,T,T,D,Y,Q,Q,SGGKNTTDYQQ,N,R,N,R,S,V,NRNRSV
CserDQD/SDH1.2,E,R,D,R,H,K,T,V,Q,C,L,ERDRHKTVQCL,S,G,G,K,N,T,T,D,Y,Q,Q,SGGKNTTDYQQ,N,R,N,R,S,V,NRNRSV
Poptr4,E,R,D,R,Y,K,L,V,Q,Y,M,ERDRYKLVQYM,S,G,G,K,N,T,T,D,Y,Q,Q,SGGKNTTDYQQ,N,R,N,R,A,I,NRNRAI
EgQDH2,E,R,D,R,H,K,T,V,Q,Y,L,ERDRHKTVQYL,S,G,G,K,N,T,T,D,Y,Q,Q,SGGKNTTDYQQ,N,R,N,R,A,V,NRNRAV
CserDQD/SDH5,E,R,D,K,Y,K,Y,I,Q,Y,L,ERDKYKYIQYL,S,G,G,K,N,T,T,D,Y,Q,Q,SGGKNTTDYQQ,D,I,D,R,P,L,DIDRPL
CsDQD/SDHb,E,R,D,R,Y,K,Y,I,Q,Y,L,ERDRYKYIQYL,S,G,G,K,N,T,T,D,Y,Q,Q,SGGKNTTDYQQ,D,I,D,R,P,L,DIDRPL
CasSDH1,E,R,D,R,Y,K,Y,I,Q,Y,L,ERDRYKYIQYL,Q,R,G,K,N,T,T,D,Y,Q,Q,QRGKNTTDYQQ,D,I,D,R,P,L,DIDRPL
NtSDH2,E,R,D,R,F,K,Y,L,Q,Y,L,ERDRFKYLQYL,S,G,G,K,N,T,T,D,Y,Q,Q,SGGKNTTDYQQ,D,I,D,R,P,I,DIDRPI
SlQDH,E,R,D,R,F,K,Y,V,Q,Y,L,ERDRFKYVQYL,S,G,G,K,N,T,T,D,Y,Q,Q,SGGKNTTDYQQ,D,I,D,R,P,I,DIDRPI
Poptr2,E,R,D,R,Y,K,Y,L,Q,Y,L,ERDRYKYLQYL,S,G,G,K,N,T,T,D,Y,Q,Q,SGGKNTTDYQQ,D,I,D,R,P,I,DIDRPI
Poptr3,E,R,D,R,Y,K,Y,V,Q,Y,L,ERDRYKYVQYL,S,G,G,K,N,T,T,D,Y,Q,Q,SGGKNTTDYQQ,D,I,D,R,P,I,DIDRPI
EcDQD/SDH4a,E,R,D,R,F,K,Y,V,Q,Y,L,ERDRFKYVQYL,S,G,G,K,N,T,T,D,Y,Q,Q,SGGKNTTDYQQ,D,I,D,R,P,I,DIDRPI
EcDQD/SDH4b,E,R,D,R,F,K,Y,V,Q,Y,L,ERDRFKYVQYL,S,G,G,K,N,T,T,D,Y,Q,Q,SGGKNTTDYQQ,D,I,D,R,P,I,DIDRPI
EgQDH1,E,R,D,R,F,K,Y,V,Q,Y,L,ERDRFKYVQYL,S,G,G,K,N,T,T,D,Y,Q,Q,SGGKNTTDYQQ,D,I,D,R,P,I,DIDRPI
VvSDH2,E,R,D,R,Y,K,Y,I,Q,Y,L,ERDRYKYIQYL,S,G,G,K,N,T,T,D,Y,Q,Q,SGGKNTTDYQQ,D,L,D,R,P,V,DLDRPV
CserDQD/SDH2,E,R,D,R,H,K,L,M,R,F,Q,ERDRHKLMRFQ,S,A,T,K,N,C,T,D,-,-,-,SATKNCTD---,N,R,T,R,S,I,NRTRSI
CsDQD/SDHa,E,R,D,R,H,K,M,M,R,F,Q,ERDRHKMMRFQ,S,S,T,K,N,C,T,D,Y,Q,Q,SSTKNCTDYQQ,N,R,T,R,S,I,NRTRSI
NtSDH1,E,R,D,R,H,K,M,M,R,F,Q,ERDRHKMMRFQ,S,S,T,K,N,C,T,D,Y,Q,Q,SSTKNCTDYQQ,N,R,T,R,S,I,NRTRSI
SlSDH1,E,R,D,G,H,K,M,M,R,F,Q,ERDGHKMMRFQ,S,S,T,K,N,C,T,D,Y,Q,Q,SSTKNCTDYQQ,N,R,T,R,S,I,NRTRSI
VvSDH1,E,R,D,R,H,K,L,M,R,F,Q,ERDRHKLMRFQ,S,S,T,K,N,C,T,D,Y,Q,Q,SSTKNCTDYQQ,N,R,T,R,S,I,NRTRSI
JrSDH,E,R,D,R,H,K,I,M,R,F,Q,ERDRHKIMRFQ,S,S,T,K,N,C,T,D,Y,Q,Q,SSTKNCTDYQQ,N,R,T,R,S,I,NRTRSI
FvSDH3,E,R,D,R,H,R,L,M,R,S,E,ERDRHRLMRSE,S,S,G,K,N,C,T,D,Y,Q,Q,SSGKNCTDYQQ,N,R,K,R,S,V,NRKRSV
FvSDH4,E,R,D,R,H,K,L,M,R,F,Q,ERDRHKLMRFQ,S,S,T,K,N,C,T,D,Y,Q,Q,SSTKNCTDYQQ,N,R,T,R,S,I,NRTRSI
Poptr1,E,R,D,R,H,K,L,M,R,F,Q,ERDRHKLMRFQ,S,S,T,K,N,C,T,D,Y,Q,Q,SSTKNCTDYQQ,N,R,T,R,S,I,NRTRSI
EcDQD/SDH1,E,R,D,R,H,K,M,M,R,F,Q,ERDRHKMMRFQ,S,S,T,K,N,C,T,D,Y,Q,Q,SSTKNCTDYQQ,N,R,T,R,S,I,NRTRSI
EgDQD/SDH1,E,R,D,R,H,K,M,M,R,F,Q,ERDRHKMMRFQ,S,S,T,K,N,C,T,D,Y,Q,Q,SSTKNCTDYQQ,N,R,T,R,S,I,NRTRSI
PgSDH1,E,R,D,R,H,K,L,M,R,F,Q,ERDRHKLMRFQ,S,S,T,K,N,C,T,D,Y,Q,Q,SSTKNCTDYQQ,N,R,T,R,S,I,NRTRSI
CserDQD/SDH3,E,R,D,R,H,K,I,M,R,Y,Q,ERDRHKIMRYQ,S,S,T,K,N,N,T,D,Y,Q,Q,SSTKNNTDYQQ,N,R,T,R,S,V,NRTRSV
CsDQD/SDHc,E,R,D,R,Q,K,I,M,R,Y,Q,ERDRQKIMRYQ,S,S,T,K,N,N,T,D,Y,Q,Q,SSTKNNTDYQQ,N,R,T,R,S,V,NRTRSV
CasSDH2,E,R,D,R,Q,K,I,M,R,Y,Q,ERDRQKIMRYQ,S,S,T,K,N,N,T,D,Y,Q,Q,SSTKNNTDYQQ,N,R,T,R,S,V,NRTRSV
EcDQD/SDH3,E,R,D,R,H,K,I,M,R,Y,Q,ERDRHKIMRYQ,S,S,T,K,N,N,T,D,Y,Q,Q,SSTKNNTDYQQ,N,R,T,R,S,V,NRTRSV
EgDQD/SDH3,E,R,D,R,H,K,I,M,R,Y,Q,ERDRHKIMRYQ,S,S,T,K,N,N,T,D,Y,Q,Q,SSTKNNTDYQQ,N,R,T,R,S,V,NRTRSV
PgSDH3_2,E,R,D,Q,H,K,I,M,R,Y,Q,ERDQHKIMRYQ,S,S,T,K,N,N,T,D,Y,Q,Q,SSTKNNTDYQQ,N,R,T,R,S,V,NRTRSV
FvSDH1,E,R,D,R,H,K,I,M,R,Y,Q,ERDRHKIMRYQ,S,S,T,K,N,N,T,D,Y,Q,Q,SSTKNNTDYQQ,N,R,T,R,S,V,NRTRSV
PgSDH3a_1,E,R,D,R,H,K,I,M,R,Y,Q,ERDRHKIMRYQ,S,S,G,K,N,N,T,D,Y,Q,Q,SSGKNNTDYQQ,N,R,P,Q,S,V,NRPQSV
PgSDH3a_2,E,R,D,R,H,K,I,M,R,Y,Q,ERDRHKIMRYQ,S,S,G,K,N,N,T,D,Y,Q,Q,SSGKNNTDYQQ,N,R,T,R,S,V,NRTRSV
PgSDH3_1,E,R,D,R,H,K,I,M,R,Y,Q,ERDRHKIMRYQ,S,S,T,K,N,N,T,D,Y,Q,Q,SSTKNNTDYQQ,N,R,T,R,S,V,NRTRSV
VvSDH3,E,R,D,R,H,K,I,M,R,Y,Q,ERDRHKIMRYQ,S,S,T,K,N,N,T,D,Y,Q,Q,SSTKNNTDYQQ,N,R,T,R,S,V,NRTRSV
CserDQD/SDH4,E,R,D,R,H,K,L,M,R,F,Q,ERDRHKLMRFQ,S,S,T,K,S,C,V,D,-,-,-,SSTKSCVD---,N,R,T,K,S,V,NRTKSV
CsDQD/SDHd,E,R,D,R,H,K,I,M,R,F,Q,ERDRHKIMRFQ,S,S,T,K,S,C,V,D,Y,Q,Q,SSTKSCVDYQQ,N,R,T,K,S,V,NRTKSV
CasSDH3,E,R,D,R,H,K,I,M,R,F,Q,ERDRHKIMRFQ,S,S,T,K,S,C,V,D,Y,Q,Q,SSTKSCVDYQQ,N,R,T,K,S,V,NRTKSV
Poptr5,E,R,D,R,H,K,L,M,R,F,Q,ERDRHKLMRFQ,S,S,T,K,S,C,V,D,Y,Q,Q,SSTKSCVDYQQ,N,R,T,K,S,V,NRTKSV
FvSDH2,E,R,D,R,H,K,L,M,R,F,Q,ERDRHKLMRFQ,S,S,T,K,S,C,V,D,Y,Q,Q,SSTKSCVDYQQ,N,R,S,K,S,V,NRSKSV
EcDQD/SDH2,E,R,D,R,H,K,I,M,R,F,Q,ERDRHKIMRFQ,S,S,T,K,S,Q,V,D,Y,Q,Q,SSTKSQVDYQQ,N,R,T,K,S,V,NRTKSV
EgDQD/SDH2,E,R,D,R,H,K,I,M,R,F,Q,ERDRHKIMRFQ,S,S,T,K,S,Q,V,D,Y,Q,Q,SSTKSQVDYQQ,N,R,T,K,S,V,NRTKSV
PgSDH4,E,R,D,R,H,K,I,M,R,F,Q,ERDRHKIMRFQ,S,S,T,K,S,C,V,D,Y,Q,Q,SSTKSCVDYQQ,N,R,T,K,S,V,NRTKSV
VvSDH4,E,R,D,R,H,K,I,M,R,F,Q,ERDRHKIMRFQ,S,S,T,K,S,C,V,D,Y,Q,Q,SSTKSCVDYQQ,N,R,T,K,S,V,NRTKSV
