alignment_pos	arabidopsis_pos	at_residue	positive_consensus	positive_conservation	negative_consensus	negative_conservation	score	distance_to_known	reasons	pos_column	neg_column
468	424	C	Y	1.0	C	1.0	19	2	pos_cons>=0.95,neg_cons>=0.90,diff_from_At,diff_pos_vs_neg,chem_diff_vs_At,radical_vs_At,radical_pos_vs_neg,low_pos_entropy,near_known_2	YYYYYYYYYYY	CCCC
471	427	S	A	1.0	S	1.0	17	5	pos_cons>=0.95,neg_cons>=0.90,diff_from_At,diff_pos_vs_neg,chem_diff_vs_At,radical_vs_At,radical_pos_vs_neg,trivial_pos_residue,low_pos_entropy,near_known_5	AAAAAAAAAAA	SSSS
536	490	L	K	1.0	L	0.75	17	5	pos_cons>=0.95,neg_cons>=0.75,diff_from_At,diff_pos_vs_neg,chem_diff_vs_At,radical_vs_At,radical_pos_vs_neg,low_pos_entropy,near_known_5	KKKKKKKKKKK	LNLL
377	334	S	G	1.0	S	0.75	16	4	pos_cons>=0.95,neg_cons>=0.75,diff_from_At,diff_pos_vs_neg,chem_diff_vs_At,radical_vs_At,radical_pos_vs_neg,trivial_pos_residue,low_pos_entropy,near_known_4	GGGGGGGGGGG	SGSS
501	455	T	L	1.0	T	0.75	15	28	pos_cons>=0.95,neg_cons>=0.75,diff_from_At,diff_pos_vs_neg,chem_diff_vs_At,radical_vs_At,radical_pos_vs_neg,low_pos_entropy	LLLLLLLLLLL	TQTT
302	262	A	S	1.0	A	0.75	15	76	pos_cons>=0.95,neg_cons>=0.75,diff_from_At,diff_pos_vs_neg,chem_diff_vs_At,radical_vs_At,radical_pos_vs_neg,low_pos_entropy	SSSSSSSSSSS	ACAA
527	481	I	V	1.0	I	1.0	14	2	pos_cons>=0.95,neg_cons>=0.90,diff_from_At,diff_pos_vs_neg,low_pos_entropy,near_known_2	VVVVVVVVVVV	IIII
541	495	A	K	0.909	A	1.0	14	10	pos_cons>=0.85,neg_cons>=0.90,diff_from_At,diff_pos_vs_neg,chem_diff_vs_At,radical_vs_At,radical_pos_vs_neg	KKKKKKKNKKK	AAAA
297	257	H	Q	0.909	H	1.0	14	81	pos_cons>=0.85,neg_cons>=0.90,diff_from_At,diff_pos_vs_neg,chem_diff_vs_At,radical_vs_At,radical_pos_vs_neg	EQQQQQQQQQQ	HHHH
616	570	S	Y	0.909	S	1.0	14	85	pos_cons>=0.85,neg_cons>=0.90,diff_from_At,diff_pos_vs_neg,chem_diff_vs_At,radical_vs_At,radical_pos_vs_neg	YYYFYYYYYYY	SSSS
274	234	Q	A	1.0	Q	0.75	14	104	pos_cons>=0.95,neg_cons>=0.75,diff_from_At,diff_pos_vs_neg,chem_diff_vs_At,radical_vs_At,radical_pos_vs_neg,trivial_pos_residue,low_pos_entropy	AAAAAAAAAAA	QSQQ
125	107	K	Q	0.909	K	0.75	13	231	pos_cons>=0.85,neg_cons>=0.75,diff_from_At,diff_pos_vs_neg,chem_diff_vs_At,radical_vs_At,radical_pos_vs_neg	QQQQQQQQQLQ	KQKK
384	341	V	L	1.0	V	0.75	12	3	pos_cons>=0.95,neg_cons>=0.75,diff_from_At,diff_pos_vs_neg,low_pos_entropy,near_known_3	LLLLLLLLLLL	VLVV
524	478	K	R	1.0	K	0.75	12	5	pos_cons>=0.95,neg_cons>=0.75,diff_from_At,diff_pos_vs_neg,low_pos_entropy,near_known_5	RRRRRRRRRRR	KQKK
442	398	L	I	1.0	L	1.0	11	13	pos_cons>=0.95,neg_cons>=0.90,diff_from_At,diff_pos_vs_neg,low_pos_entropy	IIIIIIIIIII	LLLL
449	405	V	I	1.0	V	1.0	11	17	pos_cons>=0.95,neg_cons>=0.90,diff_from_At,diff_pos_vs_neg,low_pos_entropy	IIIIIIIIIII	VVVV
551	505	D	E	1.0	D	1.0	11	20	pos_cons>=0.95,neg_cons>=0.90,diff_from_At,diff_pos_vs_neg,low_pos_entropy	EEEEEEEEEEE	DDDD
599	553	R	K	1.0	R	1.0	11	68	pos_cons>=0.95,neg_cons>=0.90,diff_from_At,diff_pos_vs_neg,low_pos_entropy	KKKKKKKKKKK	RRRR
160	142	I	L	1.0	I	1.0	11	196	pos_cons>=0.95,neg_cons>=0.90,diff_from_At,diff_pos_vs_neg,low_pos_entropy	LLLLLLLLLLL	IIII
548	502	S	T	1.0	S	0.75	10	17	pos_cons>=0.95,neg_cons>=0.75,diff_from_At,diff_pos_vs_neg,low_pos_entropy	TTTTTTTTTTT	SLSS
312	269	L	I	1.0	L	0.75	10	69	pos_cons>=0.95,neg_cons>=0.75,diff_from_At,diff_pos_vs_neg,low_pos_entropy	IIIIIIIIIII	LYLL
622	576	V	I	1.0	V	0.75	10	91	pos_cons>=0.95,neg_cons>=0.75,diff_from_At,diff_pos_vs_neg,low_pos_entropy	IIIIIIIIIII	VLVV
626	580	Y	F	1.0	Y	0.75	10	95	pos_cons>=0.95,neg_cons>=0.75,diff_from_At,diff_pos_vs_neg,low_pos_entropy	FFFFFFFFFFF	YIYY
112	94	S	T	1.0	S	0.75	10	244	pos_cons>=0.95,neg_cons>=0.75,diff_from_At,diff_pos_vs_neg,low_pos_entropy	TTTTTTTTTT-	STSS
320	277	M	I	0.909	M	1.0	9	61	pos_cons>=0.85,neg_cons>=0.90,diff_from_At,diff_pos_vs_neg	IIIMIIIIIII	MMMM
213	173	V	A	1.0	V	0.75	9	165	pos_cons>=0.95,neg_cons>=0.75,diff_from_At,diff_pos_vs_neg,trivial_pos_residue,low_pos_entropy	AAAAAAAAAAA	VAVV
